time,"V(3)","V(4)","V(5)","V(6)"
0.000000e+00,0.000000e+00,0.000000e+00,0.000000e+00,0.000000e+00
